{
  "schemaVersion": 1,
  "id": "silk",
  "version": "${version}",
  "name": "motionblurr",
  "description": "Motion Blur for fabric",
  "contact": {
    "sources": "https://github.com/Noryea/motionblur-fabric",
    "issues": "https://github.com/Noryea/motionblur-fabric/issues"
  },
  "license": "CC0-1.0",
  "icon": "assets/silk/icon.png",
  "environment": "client",
  "entrypoints": {
    "client": [
      "cc.silk.SilkClient"
    ]
  },
  "mixins": [
    "silk.mixins.json"
  ],
  "depends": {
    "fabricloader": ">=0.17.3",
    "minecraft": "1.21.4",
    "java": ">=21",
    "fabric-api-base": ">=0.4.35",
    "fabric-resource-loader-v0": ">=0.11.14",
    "fabric-networking-api-v1": ">=3.1.1"
  }
}